{
    "users": [
        {
            "Favorites:": [
                "Cartas a Theo"
            ],
            "Mybooks": [
                "El Porvenir de mi Pasado",
                "Cartas a Theo",
                "El Mundo Mítico de Gabriel García Márquez",
                "El Porvenir de mi Pasado",
                "Obras Completas",
                "Vivir para contarla"
            ],
            "mail": "ALEJANDRO.HERNANDEZ@BKN.com",
            "name": "ALHE068",
            "password": "4870"
        },
        {
            "Favorites:": [
                "Las Mil y una Noches"
            ],
            "Mybooks": [
                "Roosevelt, the Soldier of Freedom",
                "Entremeses",
                "Confabulario",
                "Poema del Mio Cid",
                "Las Moradas del Castillo Interior",
                "Las Flores del Mal",
                "Lettres Retrouvés",
                "A ninguna de las tres - El torneo - Ana Bolena - Hermán o la vuelta del cruzado",
                "Marco Polo",
                "Administración de Recursos Humanos",
                "Obras Completas",
                "Santa Anna: el dictador resplandeciente",
                "El Sí de las Niñas - La Comedia Nueva o el Café",
                "Un Placer Fugaz: Correspondencia",
                "La Vida de los Beatles en Imágenes",
                "Poetry",
                "Little Women",
                "El Sol Desnudo",
                "La Invitada",
                "Cuentamundos",
                "Mafalda Inédita",
                "Cancionero y Romancero Español",
                "Essential Dictionary",
                "Constitución Política de los Estados Unidos Mexicanos",
                "Las Mil y una Noches",
                "La Biblia",
                "El Porvenir de mi Pasado",
                "Administración de Recursos Humanos",
                "Little Women",
                "La Invitada",
                "Cancionero y Romancero Español",
                "Constitución Política de los Estados Unidos Mexicanos",
                "Poema del Mio Cid",
                "Confabulario",
                "Vivir para contarla",
                "A ninguna de las tres - El torneo - Ana Bolena - Hermán o la vuelta del cruzado",
                "Un Placer Fugaz: Correspondencia",
                "Cuentamundos",
                "Cancionero y Romancero Español",
                "Essential Dictionary",
                "Poema del Mio Cid",
                "Marco Polo",
                "Santa Anna: el dictador resplandeciente",
                "Entremeses",
                "El Mundo Mítico de Gabriel García Márquez",
                "Cartas a Theo",
                "La Invitada",
                "Poetry",
                "Constitución Política de los Estados Unidos Mexicanos",
                "Las Mil y una Noches",
                "Vivir para contarla",
                "Las Moradas del Castillo Interior",
                "Lettres Retrouvés",
                "El Sol Desnudo",
                "La Vida de los Beatles en Imágenes",
                "Las Flores del Mal",
                "Las Mil y una Noches"
            ],
            "mail": "ANGEL.DURAN@BKN.com",
            "name": "ANDU073",
            "password": "2146"
        },
        {
            "Favorites:": [
                "Las Mil y una Noches"
            ],
            "Mybooks": [
                "Roosevelt, the Soldier of Freedom",
                "Entremeses",
                "Confabulario",
                "Poema del Mio Cid",
                "Las Moradas del Castillo Interior",
                "Las Flores del Mal",
                "Lettres Retrouvés",
                "A ninguna de las tres - El torneo - Ana Bolena - Hermán o la vuelta del cruzado",
                "Marco Polo",
                "Administración de Recursos Humanos",
                "Obras Completas",
                "Santa Anna: el dictador resplandeciente",
                "El Sí de las Niñas - La Comedia Nueva o el Café",
                "Un Placer Fugaz: Correspondencia",
                "La Vida de los Beatles en Imágenes",
                "Poetry",
                "Little Women",
                "El Sol Desnudo",
                "La Invitada",
                "Cuentamundos",
                "Mafalda Inédita",
                "Cancionero y Romancero Español",
                "Essential Dictionary",
                "Constitución Política de los Estados Unidos Mexicanos",
                "Las Mil y una Noches",
                "La Biblia",
                "El Porvenir de mi Pasado",
                "Administración de Recursos Humanos",
                "Little Women",
                "La Invitada",
                "Cancionero y Romancero Español",
                "Constitución Política de los Estados Unidos Mexicanos",
                "Poema del Mio Cid",
                "Confabulario",
                "Vivir para contarla",
                "A ninguna de las tres - El torneo - Ana Bolena - Hermán o la vuelta del cruzado",
                "Un Placer Fugaz: Correspondencia",
                "Cuentamundos",
                "Cancionero y Romancero Español",
                "Essential Dictionary",
                "Poema del Mio Cid",
                "Marco Polo",
                "Santa Anna: el dictador resplandeciente",
                "Entremeses",
                "El Mundo Mítico de Gabriel García Márquez",
                "Cartas a Theo",
                "La Invitada",
                "Poetry",
                "Constitución Política de los Estados Unidos Mexicanos",
                "Las Mil y una Noches",
                "Vivir para contarla",
                "Las Moradas del Castillo Interior",
                "Lettres Retrouvés",
                "El Sol Desnudo",
                "La Vida de los Beatles en Imágenes",
                "Las Flores del Mal",
                "Las Mil y una Noches"
            ],
            "mail": "DIANA.ROBLES@BKN.com",
            "name": "DIRO055",
            "password": "5325"
        },
        {
            "Favorites:": [
                "Las Mil y una Noches"
            ],
            "Mybooks": [
                "Roosevelt, the Soldier of Freedom",
                "Entremeses",
                "Confabulario",
                "Poema del Mio Cid",
                "Las Moradas del Castillo Interior",
                "Las Flores del Mal",
                "Lettres Retrouvés",
                "A ninguna de las tres - El torneo - Ana Bolena - Hermán o la vuelta del cruzado",
                "Marco Polo",
                "Administración de Recursos Humanos",
                "Obras Completas",
                "Santa Anna: el dictador resplandeciente",
                "El Sí de las Niñas - La Comedia Nueva o el Café",
                "Un Placer Fugaz: Correspondencia",
                "La Vida de los Beatles en Imágenes",
                "Poetry",
                "Little Women",
                "El Sol Desnudo",
                "La Invitada",
                "Cuentamundos",
                "Mafalda Inédita",
                "Cancionero y Romancero Español",
                "Essential Dictionary",
                "Constitución Política de los Estados Unidos Mexicanos",
                "Las Mil y una Noches",
                "La Biblia",
                "El Porvenir de mi Pasado",
                "Administración de Recursos Humanos",
                "Little Women",
                "La Invitada",
                "Cancionero y Romancero Español",
                "Constitución Política de los Estados Unidos Mexicanos",
                "Poema del Mio Cid",
                "Confabulario",
                "Vivir para contarla",
                "A ninguna de las tres - El torneo - Ana Bolena - Hermán o la vuelta del cruzado",
                "Un Placer Fugaz: Correspondencia",
                "Cuentamundos",
                "Cancionero y Romancero Español",
                "Essential Dictionary",
                "Poema del Mio Cid",
                "Marco Polo",
                "Santa Anna: el dictador resplandeciente",
                "Entremeses",
                "El Mundo Mítico de Gabriel García Márquez",
                "Cartas a Theo",
                "La Invitada",
                "Poetry",
                "Constitución Política de los Estados Unidos Mexicanos",
                "Las Mil y una Noches",
                "Vivir para contarla",
                "Las Moradas del Castillo Interior",
                "Lettres Retrouvés",
                "El Sol Desnudo",
                "La Vida de los Beatles en Imágenes",
                "Las Flores del Mal",
                "Las Mil y una Noches"
            ],
            "mail": "GERARDO.GUIJARRO@BKN.com",
            "name": "GEGU042",
            "password": "7276"
        },
        {
            "Favorites:": [
                "Las Mil y una Noches"
            ],
            "Mybooks": [
                "Roosevelt, the Soldier of Freedom",
                "Entremeses",
                "Confabulario",
                "Poema del Mio Cid",
                "Las Moradas del Castillo Interior",
                "Las Flores del Mal",
                "Lettres Retrouvés",
                "A ninguna de las tres - El torneo - Ana Bolena - Hermán o la vuelta del cruzado",
                "Marco Polo",
                "Administración de Recursos Humanos",
                "Obras Completas",
                "Santa Anna: el dictador resplandeciente",
                "El Sí de las Niñas - La Comedia Nueva o el Café",
                "Un Placer Fugaz: Correspondencia",
                "La Vida de los Beatles en Imágenes",
                "Poetry",
                "Little Women",
                "El Sol Desnudo",
                "La Invitada",
                "Cuentamundos",
                "Mafalda Inédita",
                "Cancionero y Romancero Español",
                "Essential Dictionary",
                "Constitución Política de los Estados Unidos Mexicanos",
                "Las Mil y una Noches",
                "La Biblia",
                "El Porvenir de mi Pasado",
                "Administración de Recursos Humanos",
                "Little Women",
                "La Invitada",
                "Cancionero y Romancero Español",
                "Constitución Política de los Estados Unidos Mexicanos",
                "Poema del Mio Cid",
                "Confabulario",
                "Vivir para contarla",
                "A ninguna de las tres - El torneo - Ana Bolena - Hermán o la vuelta del cruzado",
                "Un Placer Fugaz: Correspondencia",
                "Cuentamundos",
                "Cancionero y Romancero Español",
                "Essential Dictionary",
                "Poema del Mio Cid",
                "Marco Polo",
                "Santa Anna: el dictador resplandeciente",
                "Entremeses",
                "El Mundo Mítico de Gabriel García Márquez",
                "Cartas a Theo",
                "La Invitada",
                "Poetry",
                "Constitución Política de los Estados Unidos Mexicanos",
                "Las Mil y una Noches",
                "Vivir para contarla",
                "Las Moradas del Castillo Interior",
                "Lettres Retrouvés",
                "El Sol Desnudo",
                "La Vida de los Beatles en Imágenes",
                "Las Flores del Mal",
                "Las Mil y una Noches"
            ],
            "mail": "ISAAC.MORA@BKN.com",
            "name": "ISMO031",
            "password": "6046"
        },
        {
            "Favorites:": [
                "Las Mil y una Noches"
            ],
            "Mybooks": [
                "Roosevelt, the Soldier of Freedom",
                "Entremeses",
                "Confabulario",
                "Poema del Mio Cid",
                "Las Moradas del Castillo Interior",
                "Las Flores del Mal",
                "Lettres Retrouvés",
                "A ninguna de las tres - El torneo - Ana Bolena - Hermán o la vuelta del cruzado",
                "Marco Polo",
                "Administración de Recursos Humanos",
                "Obras Completas",
                "Santa Anna: el dictador resplandeciente",
                "El Sí de las Niñas - La Comedia Nueva o el Café",
                "Un Placer Fugaz: Correspondencia",
                "La Vida de los Beatles en Imágenes",
                "Poetry",
                "Little Women",
                "El Sol Desnudo",
                "La Invitada",
                "Cuentamundos",
                "Mafalda Inédita",
                "Cancionero y Romancero Español",
                "Essential Dictionary",
                "Constitución Política de los Estados Unidos Mexicanos",
                "Las Mil y una Noches",
                "La Biblia",
                "El Porvenir de mi Pasado",
                "Administración de Recursos Humanos",
                "Little Women",
                "La Invitada",
                "Cancionero y Romancero Español",
                "Constitución Política de los Estados Unidos Mexicanos",
                "Poema del Mio Cid",
                "Confabulario",
                "Vivir para contarla",
                "A ninguna de las tres - El torneo - Ana Bolena - Hermán o la vuelta del cruzado",
                "Un Placer Fugaz: Correspondencia",
                "Cuentamundos",
                "Cancionero y Romancero Español",
                "Essential Dictionary",
                "Poema del Mio Cid",
                "Marco Polo",
                "Santa Anna: el dictador resplandeciente",
                "Entremeses",
                "El Mundo Mítico de Gabriel García Márquez",
                "Cartas a Theo",
                "La Invitada",
                "Poetry",
                "Constitución Política de los Estados Unidos Mexicanos",
                "Las Mil y una Noches",
                "Vivir para contarla",
                "Las Moradas del Castillo Interior",
                "Lettres Retrouvés",
                "El Sol Desnudo",
                "La Vida de los Beatles en Imágenes",
                "Las Flores del Mal",
                "Las Mil y una Noches"
            ],
            "mail": "JAVIER.GALLEGOS@BKN.com",
            "name": "JAGA033",
            "password": "2468"
        },
        {
            "Favorites:": [
                "Las Mil y una Noches"
            ],
            "Mybooks": [
                "Roosevelt, the Soldier of Freedom",
                "Entremeses",
                "Confabulario",
                "Poema del Mio Cid",
                "Las Moradas del Castillo Interior",
                "Las Flores del Mal",
                "Lettres Retrouvés",
                "A ninguna de las tres - El torneo - Ana Bolena - Hermán o la vuelta del cruzado",
                "Marco Polo",
                "Administración de Recursos Humanos",
                "Obras Completas",
                "Santa Anna: el dictador resplandeciente",
                "El Sí de las Niñas - La Comedia Nueva o el Café",
                "Un Placer Fugaz: Correspondencia",
                "La Vida de los Beatles en Imágenes",
                "Poetry",
                "Little Women",
                "El Sol Desnudo",
                "La Invitada",
                "Cuentamundos",
                "Mafalda Inédita",
                "Cancionero y Romancero Español",
                "Essential Dictionary",
                "Constitución Política de los Estados Unidos Mexicanos",
                "Las Mil y una Noches",
                "La Biblia",
                "El Porvenir de mi Pasado",
                "Administración de Recursos Humanos",
                "Little Women",
                "La Invitada",
                "Cancionero y Romancero Español",
                "Constitución Política de los Estados Unidos Mexicanos",
                "Poema del Mio Cid",
                "Confabulario",
                "Vivir para contarla",
                "A ninguna de las tres - El torneo - Ana Bolena - Hermán o la vuelta del cruzado",
                "Un Placer Fugaz: Correspondencia",
                "Cuentamundos",
                "Cancionero y Romancero Español",
                "Essential Dictionary",
                "Poema del Mio Cid",
                "Marco Polo",
                "Santa Anna: el dictador resplandeciente",
                "Entremeses",
                "El Mundo Mítico de Gabriel García Márquez",
                "Cartas a Theo",
                "La Invitada",
                "Poetry",
                "Constitución Política de los Estados Unidos Mexicanos",
                "Las Mil y una Noches",
                "Vivir para contarla",
                "Las Moradas del Castillo Interior",
                "Lettres Retrouvés",
                "El Sol Desnudo",
                "La Vida de los Beatles en Imágenes",
                "Las Flores del Mal",
                "Las Mil y una Noches"
            ],
            "mail": "JESUS.GARZON@BKN.com",
            "name": "JEGA067",
            "password": "0588"
        },
        {
            "Favorites:": [
                "Las Mil y una Noches"
            ],
            "Mybooks": [
                "Roosevelt, the Soldier of Freedom",
                "Entremeses",
                "Confabulario",
                "Poema del Mio Cid",
                "Las Moradas del Castillo Interior",
                "Las Flores del Mal",
                "Lettres Retrouvés",
                "A ninguna de las tres - El torneo - Ana Bolena - Hermán o la vuelta del cruzado",
                "Marco Polo",
                "Administración de Recursos Humanos",
                "Obras Completas",
                "Santa Anna: el dictador resplandeciente",
                "El Sí de las Niñas - La Comedia Nueva o el Café",
                "Un Placer Fugaz: Correspondencia",
                "La Vida de los Beatles en Imágenes",
                "Poetry",
                "Little Women",
                "El Sol Desnudo",
                "La Invitada",
                "Cuentamundos",
                "Mafalda Inédita",
                "Cancionero y Romancero Español",
                "Essential Dictionary",
                "Constitución Política de los Estados Unidos Mexicanos",
                "Las Mil y una Noches",
                "La Biblia",
                "El Porvenir de mi Pasado",
                "Administración de Recursos Humanos",
                "Little Women",
                "La Invitada",
                "Cancionero y Romancero Español",
                "Constitución Política de los Estados Unidos Mexicanos",
                "Poema del Mio Cid",
                "Confabulario",
                "Vivir para contarla",
                "A ninguna de las tres - El torneo - Ana Bolena - Hermán o la vuelta del cruzado",
                "Un Placer Fugaz: Correspondencia",
                "Cuentamundos",
                "Cancionero y Romancero Español",
                "Essential Dictionary",
                "Poema del Mio Cid",
                "Marco Polo",
                "Santa Anna: el dictador resplandeciente",
                "Entremeses",
                "El Mundo Mítico de Gabriel García Márquez",
                "Cartas a Theo",
                "La Invitada",
                "Poetry",
                "Constitución Política de los Estados Unidos Mexicanos",
                "Las Mil y una Noches",
                "Vivir para contarla",
                "Las Moradas del Castillo Interior",
                "Lettres Retrouvés",
                "El Sol Desnudo",
                "La Vida de los Beatles en Imágenes",
                "Las Flores del Mal",
                "Las Mil y una Noches"
            ],
            "mail": "SERGIO.LOPEZ@BKN.com",
            "name": "SELO003",
            "password": "3626"
        },
        {
            "Favorites:": [
                "Las Mil y una Noches"
            ],
            "Mybooks": [
                "Roosevelt, the Soldier of Freedom",
                "Entremeses",
                "Confabulario",
                "Poema del Mio Cid",
                "Las Moradas del Castillo Interior",
                "Las Flores del Mal",
                "Lettres Retrouvés",
                "A ninguna de las tres - El torneo - Ana Bolena - Hermán o la vuelta del cruzado",
                "Marco Polo",
                "Administración de Recursos Humanos",
                "Obras Completas",
                "Santa Anna: el dictador resplandeciente",
                "El Sí de las Niñas - La Comedia Nueva o el Café",
                "Un Placer Fugaz: Correspondencia",
                "La Vida de los Beatles en Imágenes",
                "Poetry",
                "Little Women",
                "El Sol Desnudo",
                "La Invitada",
                "Cuentamundos",
                "Mafalda Inédita",
                "Cancionero y Romancero Español",
                "Essential Dictionary",
                "Constitución Política de los Estados Unidos Mexicanos",
                "Las Mil y una Noches",
                "La Biblia",
                "El Porvenir de mi Pasado",
                "Administración de Recursos Humanos",
                "Little Women",
                "La Invitada",
                "Cancionero y Romancero Español",
                "Constitución Política de los Estados Unidos Mexicanos",
                "Poema del Mio Cid",
                "Confabulario",
                "Vivir para contarla",
                "A ninguna de las tres - El torneo - Ana Bolena - Hermán o la vuelta del cruzado",
                "Un Placer Fugaz: Correspondencia",
                "Cuentamundos",
                "Cancionero y Romancero Español",
                "Essential Dictionary",
                "Poema del Mio Cid",
                "Marco Polo",
                "Santa Anna: el dictador resplandeciente",
                "Entremeses",
                "El Mundo Mítico de Gabriel García Márquez",
                "Cartas a Theo",
                "La Invitada",
                "Poetry",
                "Constitución Política de los Estados Unidos Mexicanos",
                "Las Mil y una Noches",
                "Vivir para contarla",
                "Las Moradas del Castillo Interior",
                "Lettres Retrouvés",
                "El Sol Desnudo",
                "La Vida de los Beatles en Imágenes",
                "Las Flores del Mal",
                "Las Mil y una Noches"
            ],
            "mail": "CRUZ.ESPINOZA@BKN.com",
            "name": "CRES023",
            "password": "7305"
        },
        {
            "Favorites:": [
                "Las Mil y una Noches"
            ],
            "Mybooks": [
                "Roosevelt, the Soldier of Freedom",
                "Entremeses",
                "Confabulario",
                "Poema del Mio Cid",
                "Las Moradas del Castillo Interior",
                "Las Flores del Mal",
                "Lettres Retrouvés",
                "A ninguna de las tres - El torneo - Ana Bolena - Hermán o la vuelta del cruzado",
                "Marco Polo",
                "Administración de Recursos Humanos",
                "Obras Completas",
                "Santa Anna: el dictador resplandeciente",
                "El Sí de las Niñas - La Comedia Nueva o el Café",
                "Un Placer Fugaz: Correspondencia",
                "La Vida de los Beatles en Imágenes",
                "Poetry",
                "Little Women",
                "El Sol Desnudo",
                "La Invitada",
                "Cuentamundos",
                "Mafalda Inédita",
                "Cancionero y Romancero Español",
                "Essential Dictionary",
                "Constitución Política de los Estados Unidos Mexicanos",
                "Las Mil y una Noches",
                "La Biblia",
                "El Porvenir de mi Pasado",
                "Administración de Recursos Humanos",
                "Little Women",
                "La Invitada",
                "Cancionero y Romancero Español",
                "Constitución Política de los Estados Unidos Mexicanos",
                "Poema del Mio Cid",
                "Confabulario",
                "Vivir para contarla",
                "A ninguna de las tres - El torneo - Ana Bolena - Hermán o la vuelta del cruzado",
                "Un Placer Fugaz: Correspondencia",
                "Cuentamundos",
                "Cancionero y Romancero Español",
                "Essential Dictionary",
                "Poema del Mio Cid",
                "Marco Polo",
                "Santa Anna: el dictador resplandeciente",
                "Entremeses",
                "El Mundo Mítico de Gabriel García Márquez",
                "Cartas a Theo",
                "La Invitada",
                "Poetry",
                "Constitución Política de los Estados Unidos Mexicanos",
                "Las Mil y una Noches",
                "Vivir para contarla",
                "Las Moradas del Castillo Interior",
                "Lettres Retrouvés",
                "El Sol Desnudo",
                "La Vida de los Beatles en Imágenes",
                "Las Flores del Mal",
                "Las Mil y una Noches"
            ],
            "mail": "ERNESTO.SANDOVAL@BKN.com",
            "name": "ERSA061",
            "password": "8723"
        }
    ]
}
